Country,Disease,Pollutant
Albania,Cardiovascular diseases,NMVOC
Albania,Lower respiratory infections,CO
Albania,Chronic respiratory diseases,PM10
Armenia,Cardiovascular diseases,CO
Armenia,Chronic respiratory diseases,CO
Armenia,Diabetes mellitus,CO
Australia,Cardiovascular diseases,SOX
Australia,Chronic respiratory diseases,CO
Australia,Diabetes mellitus,CO
Austria,Cardiovascular diseases,NMVOC
Austria,Chronic respiratory diseases,NMVOC
Austria,Diabetes mellitus,PM2-5
Azerbaijan,Cardiovascular diseases,PM2-5
Azerbaijan,Lower respiratory infections,NMVOC
Azerbaijan,Neonatal disorders,PM2-5
Belgium,Cardiovascular diseases,NMVOC
Belgium,Chronic respiratory diseases,CO
Belgium,Lower respiratory infections,SOX
Bosnia and Herzegovina,Cardiovascular diseases,NOX
Bosnia and Herzegovina,Diabetes mellitus,NOX
Bosnia and Herzegovina,Chronic respiratory diseases,NOX
Bulgaria,Cardiovascular diseases,NMVOC
Bulgaria,Chronic respiratory diseases,NMVOC
Bulgaria,Lower respiratory infections,SOX
Canada,Cardiovascular diseases,PM2-5
Canada,Chronic respiratory diseases,SOX
Canada,Lower respiratory infections,PM2-5
Chile,Cardiovascular diseases,PM2-5
Chile,Chronic respiratory diseases,NOX
Chile,Chronic kidney disease,PM10
Colombia,Cardiovascular diseases,PM2-5
Colombia,Chronic respiratory diseases,PM2-5
Colombia,Chronic kidney disease,NOX
Costa Rica,Cardiovascular diseases,NOX
Costa Rica,Chronic respiratory diseases,NMVOC
Costa Rica,Chronic kidney disease,NOX
Croatia,Cardiovascular diseases,SOX
Croatia,Chronic respiratory diseases,CO
Croatia,Diabetes mellitus,SOX
Cyprus,Cardiovascular diseases,CO
Cyprus,Diabetes mellitus,NMVOC
Cyprus,Chronic respiratory diseases,CO
Czechia,Cardiovascular diseases,SOX
Czechia,Chronic respiratory diseases,NMVOC
Czechia,Lower respiratory infections,SOX
Denmark,Cardiovascular diseases,NMVOC
Denmark,Chronic respiratory diseases,CO
Denmark,Lower respiratory infections,NMVOC
Estonia,Cardiovascular diseases,NMVOC
Estonia,Chronic respiratory diseases,SOX
Estonia,Lower respiratory infections,NMVOC
Finland,Cardiovascular diseases,NMVOC
Finland,Lower respiratory infections,NMVOC
Finland,Chronic respiratory diseases,PM10
France,Cardiovascular diseases,NMVOC
France,Chronic respiratory diseases,NOX
France,Lower respiratory infections,NOX
Georgia,Cardiovascular diseases,NOX
Georgia,Chronic respiratory diseases,SOX
Georgia,Diabetes mellitus,SOX
Germany,Cardiovascular diseases,SOX
Germany,Chronic respiratory diseases,PM2-5
Germany,Diabetes mellitus,NOX
Greece,Cardiovascular diseases,NMVOC
Greece,Chronic respiratory diseases,NMVOC
Greece,Lower respiratory infections,CO
Hungary,Cardiovascular diseases,SOX
Hungary,Chronic respiratory diseases,NOX
Hungary,Diabetes mellitus,SOX
Iceland,Cardiovascular diseases,NMVOC
Iceland,Lower respiratory infections,NMVOC
Iceland,Chronic respiratory diseases,NMVOC
Ireland,Cardiovascular diseases,SOX
Ireland,Chronic respiratory diseases,SOX
Ireland,Lower respiratory infections,SOX
Israel,Cardiovascular diseases,NOX
Israel,Diabetes mellitus,SOX
Israel,Chronic kidney disease,SOX
Italy,Cardiovascular diseases,SOX
Italy,Chronic respiratory diseases,NOX
Italy,Diabetes mellitus,SOX
Japan,Cardiovascular diseases,SOX
Japan,Lower respiratory infections,NOX
Japan,Chronic respiratory diseases,SOX
Kazakhstan,Cardiovascular diseases,SOX
Kazakhstan,Chronic respiratory diseases,PM10
Kazakhstan,Lower respiratory infections,CO
Kyrgyzstan,Cardiovascular diseases,NMVOC
Kyrgyzstan,Neonatal disorders,NMVOC
Kyrgyzstan,Chronic respiratory diseases,CO
Latvia,Cardiovascular diseases,NOX
Latvia,Chronic respiratory diseases,NOX
Latvia,Lower respiratory infections,PM2-5
Lithuania,Cardiovascular diseases,PM2-5
Lithuania,Chronic respiratory diseases,NMVOC
Lithuania,Lower respiratory infections,SOX
Luxembourg,Cardiovascular diseases,NMVOC
Luxembourg,Chronic respiratory diseases,CO
Luxembourg,Lower respiratory infections,CO
Malta,Cardiovascular diseases,CO
Malta,Lower respiratory infections,PM10
Malta,Chronic respiratory diseases,CO
Mexico,Cardiovascular diseases,PM10
Mexico,Diabetes mellitus,SOX
Mexico,Chronic kidney disease,SOX
Monaco,Cardiovascular diseases,CO
Monaco,Lower respiratory infections,NMVOC
Monaco,Chronic respiratory diseases,NMVOC
Montenegro,Cardiovascular diseases,NOX
Montenegro,Diabetes mellitus,NOX
Montenegro,Chronic kidney disease,NOX
Netherlands,Cardiovascular diseases,NOX
Netherlands,Chronic respiratory diseases,CO
Netherlands,Lower respiratory infections,PM10
New Zealand,Cardiovascular diseases,NMVOC
New Zealand,Chronic respiratory diseases,NMVOC
New Zealand,Lower respiratory infections,NMVOC
North Macedonia,Cardiovascular diseases,NMVOC
North Macedonia,Diabetes mellitus,NMVOC
North Macedonia,Chronic respiratory diseases,SOX
Norway,Cardiovascular diseases,CO
Norway,Lower respiratory infections,CO
Norway,Chronic respiratory diseases,SOX
Poland,Cardiovascular diseases,SOX
Poland,Chronic respiratory diseases,SOX
Poland,Lower respiratory infections,SOX
Portugal,Cardiovascular diseases,NMVOC
Portugal,Lower respiratory infections,CO
Portugal,Chronic respiratory diseases,CO
Romania,Cardiovascular diseases,NOX
Romania,Chronic respiratory diseases,NOX
Romania,Lower respiratory infections,NOX
Russia,Cardiovascular diseases,SOX
Russia,Chronic respiratory diseases,SOX
Russia,Lower respiratory infections,SOX
Serbia,Cardiovascular diseases,NMVOC
Serbia,Chronic respiratory diseases,NMVOC
Serbia,Diabetes mellitus,NMVOC
Slovenia,Cardiovascular diseases,CO
Slovenia,Chronic respiratory diseases,NMVOC
Slovenia,Lower respiratory infections,SOX
Spain,Cardiovascular diseases,NOX
Spain,Chronic respiratory diseases,SOX
Spain,Lower respiratory infections,CO
Sweden,Cardiovascular diseases,CO
Sweden,Chronic respiratory diseases,CO
Sweden,Lower respiratory infections,NMVOC
Switzerland,Cardiovascular diseases,SOX
Switzerland,Chronic respiratory diseases,PM10
Switzerland,Lower respiratory infections,CO
Tajikistan,Cardiovascular diseases,NMVOC
Tajikistan,Lower respiratory infections,NMVOC
Tajikistan,Neonatal disorders,NOX
Ukraine,Cardiovascular diseases,NMVOC
Ukraine,Chronic respiratory diseases,CO
Ukraine,Lower respiratory infections,NMVOC
United Kingdom,Cardiovascular diseases,NMVOC
United Kingdom,Chronic respiratory diseases,NMVOC
United Kingdom,Lower respiratory infections,SOX
United States,Cardiovascular diseases,SOX
United States,Chronic respiratory diseases,NMVOC
United States,Lower respiratory infections,SOX
